{
"lengthUnit": "mil",
"remark": [],
"components": {
	"fields": ["COMPONENT_NO", "COMPONENT_NAME", "LAYER", "X_COORDINATE", "Y_COORDINATE", "ANGLE"],
	"rows": [
		[1, "H1", "B", -374.015, -374.015, 135],
		[2, "H2", "B", 374.015, -374.015, 45],
		[3, "U1", "B", 0, 393.7, 0],
		[4, "U2", "T", 669.29, 157.48, 90],
		[5, "U3", "T", 669.29, -157.48, 90],
		[6, "U4", "T", 157.48, -669.29, 0],
		[7, "U5", "T", -157.48, -669.29, 0],
		[8, "U6", "T", -669.29, -157.48, 270],
		[9, "U7", "T", -669.29, 157.48, 270],
		[10, "U8", "T", -157.48, 669.29, 180],
		[11, "U9", "T", 157.48, 669.29, 180],
		[12, "PAD1", "T", 669.29, 107.48, 0],
		[13, "PAD1", "B", 669.29, 107.48, 0],
		[14, "PAD2", "T", 669.29, 157.48, 0],
		[15, "PAD2", "B", 669.29, 157.48, 0],
		[16, "PAD3", "T", 669.29, 207.48, 0],
		[17, "PAD3", "B", 669.29, 207.48, 0],
		[18, "PAD4", "T", 669.29, -207.48, 0],
		[19, "PAD4", "B", 669.29, -207.48, 0],
		[20, "PAD5", "T", 669.29, -157.48, 0],
		[21, "PAD5", "B", 669.29, -157.48, 0],
		[22, "PAD6", "T", 669.29, -107.48, 0],
		[23, "PAD6", "B", 669.29, -107.48, 0],
		[24, "PAD7", "T", 107.48, -669.29, 0],
		[25, "PAD7", "B", 107.48, -669.29, 0],
		[26, "PAD8", "T", 157.48, -669.29, 0],
		[27, "PAD8", "B", 157.48, -669.29, 0],
		[28, "PAD9", "T", 207.48, -669.29, 0],
		[29, "PAD9", "B", 207.48, -669.29, 0],
		[30, "PAD10", "T", -207.48, -669.29, 0],
		[31, "PAD10", "B", -207.48, -669.29, 0],
		[32, "PAD11", "T", -157.48, -669.29, 0],
		[33, "PAD11", "B", -157.48, -669.29, 0],
		[34, "PAD12", "T", -107.48, -669.29, 0],
		[35, "PAD12", "B", -107.48, -669.29, 0],
		[36, "PAD13", "T", -669.29, -107.48, 0],
		[37, "PAD13", "B", -669.29, -107.48, 0],
		[38, "PAD14", "T", -669.29, -157.48, 0],
		[39, "PAD14", "B", -669.29, -157.48, 0],
		[40, "PAD15", "T", -669.29, -207.48, 0],
		[41, "PAD15", "B", -669.29, -207.48, 0],
		[42, "PAD16", "T", -669.29, 207.48, 0],
		[43, "PAD16", "B", -669.29, 207.48, 0],
		[44, "PAD17", "T", -669.29, 157.48, 0],
		[45, "PAD17", "B", -669.29, 157.48, 0],
		[46, "PAD18", "T", -669.29, 107.48, 0],
		[47, "PAD18", "B", -669.29, 107.48, 0],
		[48, "PAD19", "T", -107.48, 669.29, 0],
		[49, "PAD19", "B", -107.48, 669.29, 0],
		[50, "PAD20", "T", -157.48, 669.29, 0],
		[51, "PAD20", "B", -157.48, 669.29, 0],
		[52, "PAD21", "T", -207.48, 669.29, 0],
		[53, "PAD21", "B", -207.48, 669.29, 0],
		[54, "PAD22", "T", 207.48, 669.29, 0],
		[55, "PAD22", "B", 207.48, 669.29, 0],
		[56, "PAD23", "T", 157.48, 669.29, 0],
		[57, "PAD23", "B", 157.48, 669.29, 0],
		[58, "PAD24", "T", 107.48, 669.29, 0],
		[59, "PAD24", "B", 107.48, 669.29, 0],
		[60, "PAD25", "T", -338.66, -409.37, 0],
		[61, "PAD25", "B", -338.66, -409.37, 0],
		[62, "PAD26", "T", -409.37, -338.66, 0],
		[63, "PAD26", "B", -409.37, -338.66, 0],
		[64, "PAD27", "T", 267.949, -480.081, 0],
		[65, "PAD27", "B", 267.949, -480.081, 0],
		[66, "PAD28", "T", 338.66, -409.37, 0],
		[67, "PAD28", "B", 338.66, -409.37, 0],
		[68, "PAD29", "T", 409.37, -338.66, 0],
		[69, "PAD29", "B", 409.37, -338.66, 0],
		[70, "PAD30", "T", 480.081, -267.949, 0],
		[71, "PAD30", "B", 480.081, -267.949, 0],
		[72, "PAD31", "T", -350, 543.31, 0],
		[73, "PAD31", "B", -350, 543.31, 0],
		[74, "PAD32", "T", -250, 543.31, 0],
		[75, "PAD32", "B", -250, 543.31, 0],
		[76, "PAD33", "T", 250, 543.31, 0],
		[77, "PAD33", "B", 250, 543.31, 0],
		[78, "PAD34", "T", 350, 543.31, 0],
		[79, "PAD34", "B", 350, 543.31, 0],
		[80, "PAD35", "T", -150, 543.31, 0],
		[81, "PAD35", "B", -150, 543.31, 0],
		[82, "PAD36", "T", -50, 543.31, 0],
		[83, "PAD36", "B", -50, 543.31, 0],
		[84, "PAD37", "T", 150, 543.31, 0],
		[85, "PAD37", "B", 150, 543.31, 0],
		[86, "PAD38", "T", 50, 543.31, 0],
		[87, "PAD38", "B", 50, 543.31, 0],
		[88, "PAD39", "T", 350, 244.09, 0],
		[89, "PAD39", "B", 350, 244.09, 0],
		[90, "PAD40", "T", 250, 244.09, 0],
		[91, "PAD40", "B", 250, 244.09, 0],
		[92, "PAD41", "T", 150, 244.09, 0],
		[93, "PAD41", "B", 150, 244.09, 0],
		[94, "PAD42", "T", 50, 244.09, 0],
		[95, "PAD42", "B", 50, 244.09, 0],
		[96, "PAD43", "T", -50, 244.09, 0],
		[97, "PAD43", "B", -50, 244.09, 0],
		[98, "PAD44", "T", -150, 244.09, 0],
		[99, "PAD44", "B", -150, 244.09, 0],
		[100, "PAD45", "T", -250, 244.09, 0],
		[101, "PAD45", "B", -250, 244.09, 0],
		[102, "PAD46", "T", -350, 244.09, 0],
		[103, "PAD46", "B", -350, 244.09, 0]
	]
},
"pins": {
	"fields": ["PIN_NO", "PIN_NAME", "PIN_X", "PIN_Y", "LAYER", "PIN_TYPE", "NET_NAME", "NET_TYPE", "PAD_SHAPE", "PAD_SIZEX", "PAD_SIZEY", "HOLE_SIZE", "HOLE_LEN", "PAD_ANGLE"],
	"rows": [
		[1, "H1_1", -338.66, -409.37, "T", "DIP", "$1N13", "", "R", 78.74, 78.74, 47.244, 47.244, 315],
		[2, "H1_1", -338.66, -409.37, "B", "DIP", "$1N13", "", "R", 78.74, 78.74, 47.244, 47.244, 315],
		[3, "H1_2", -409.37, -338.66, "T", "DIP", "GND", "GND", "C", 78.74, 78.74, 47.244, 47.244, 315],
		[4, "H1_2", -409.37, -338.66, "B", "DIP", "GND", "GND", "C", 78.74, 78.74, 47.244, 47.244, 315],
		[5, "H2_1", 267.949, -480.081, "T", "DIP", "$1N16", "", "R", 66.929, 66.929, 43.308, 43.308, 225],
		[6, "H2_1", 267.949, -480.081, "B", "DIP", "$1N16", "", "R", 66.929, 66.929, 43.308, 43.308, 225],
		[7, "H2_2", 338.66, -409.37, "T", "DIP", "$1N17", "", "C", 66.929, 66.929, 43.308, 43.308, 225],
		[8, "H2_2", 338.66, -409.37, "B", "DIP", "$1N17", "", "C", 66.929, 66.929, 43.308, 43.308, 225],
		[9, "H2_3", 409.37, -338.66, "T", "DIP", "$1N18", "", "C", 66.929, 66.929, 43.308, 43.308, 225],
		[10, "H2_3", 409.37, -338.66, "B", "DIP", "$1N18", "", "C", 66.929, 66.929, 43.308, 43.308, 225],
		[11, "H2_4", 480.081, -267.949, "T", "DIP", "$1N19", "", "C", 66.929, 66.929, 43.308, 43.308, 225],
		[12, "H2_4", 480.081, -267.949, "B", "DIP", "$1N19", "", "C", 66.929, 66.929, 43.308, 43.308, 225],
		[13, "U1_1", -350, 543.31, "T", "DIP", "$1N1", "", "R", 66.929, 66.929, 39.37, 39.37, 90],
		[14, "U1_1", -350, 543.31, "B", "DIP", "$1N1", "", "R", 66.929, 66.929, 39.37, 39.37, 90],
		[15, "U1_2", -250, 543.31, "T", "DIP", "$1N2", "", "C", 66.929, 66.929, 39.37, 39.37, 90],
		[16, "U1_2", -250, 543.31, "B", "DIP", "$1N2", "", "C", 66.929, 66.929, 39.37, 39.37, 90],
		[17, "U1_3", -150, 543.31, "T", "DIP", "$1N3", "", "C", 66.929, 66.929, 39.37, 39.37, 90],
		[18, "U1_3", -150, 543.31, "B", "DIP", "$1N3", "", "C", 66.929, 66.929, 39.37, 39.37, 90],
		[19, "U1_4", -50, 543.31, "T", "DIP", "$1N4", "", "C", 66.929, 66.929, 39.37, 39.37, 90],
		[20, "U1_4", -50, 543.31, "B", "DIP", "$1N4", "", "C", 66.929, 66.929, 39.37, 39.37, 90],
		[21, "U1_5", 50, 543.31, "T", "DIP", "$1N5", "", "C", 66.929, 66.929, 39.37, 39.37, 90],
		[22, "U1_5", 50, 543.31, "B", "DIP", "$1N5", "", "C", 66.929, 66.929, 39.37, 39.37, 90],
		[23, "U1_6", 150, 543.31, "T", "DIP", "$1N7", "", "C", 66.929, 66.929, 39.37, 39.37, 90],
		[24, "U1_6", 150, 543.31, "B", "DIP", "$1N7", "", "C", 66.929, 66.929, 39.37, 39.37, 90],
		[25, "U1_7", 250, 543.31, "T", "DIP", "$1N6", "", "C", 66.929, 66.929, 39.37, 39.37, 90],
		[26, "U1_7", 250, 543.31, "B", "DIP", "$1N6", "", "C", 66.929, 66.929, 39.37, 39.37, 90],
		[27, "U1_8", 350, 543.31, "T", "DIP", "$1N746", "", "C", 66.929, 66.929, 39.37, 39.37, 90],
		[28, "U1_8", 350, 543.31, "B", "DIP", "$1N746", "", "C", 66.929, 66.929, 39.37, 39.37, 90],
		[29, "U1_9", 350, 244.09, "T", "DIP", "GND", "GND", "C", 66.929, 66.929, 39.37, 39.37, 90],
		[30, "U1_9", 350, 244.09, "B", "DIP", "GND", "GND", "C", 66.929, 66.929, 39.37, 39.37, 90],
		[31, "U1_10", 250, 244.09, "T", "DIP", "$1N19", "", "C", 66.929, 66.929, 39.37, 39.37, 90],
		[32, "U1_10", 250, 244.09, "B", "DIP", "$1N19", "", "C", 66.929, 66.929, 39.37, 39.37, 90],
		[33, "U1_11", 150, 244.09, "T", "DIP", "$1N18", "", "C", 66.929, 66.929, 39.37, 39.37, 90],
		[34, "U1_11", 150, 244.09, "B", "DIP", "$1N18", "", "C", 66.929, 66.929, 39.37, 39.37, 90],
		[35, "U1_12", 50, 244.09, "T", "DIP", "$1N17", "", "C", 66.929, 66.929, 39.37, 39.37, 90],
		[36, "U1_12", 50, 244.09, "B", "DIP", "$1N17", "", "C", 66.929, 66.929, 39.37, 39.37, 90],
		[37, "U1_13", -50, 244.09, "T", "DIP", "$1N16", "", "C", 66.929, 66.929, 39.37, 39.37, 90],
		[38, "U1_13", -50, 244.09, "B", "DIP", "$1N16", "", "C", 66.929, 66.929, 39.37, 39.37, 90],
		[39, "U1_14", -150, 244.09, "T", "DIP", "GND", "GND", "C", 66.929, 66.929, 39.37, 39.37, 90],
		[40, "U1_14", -150, 244.09, "B", "DIP", "GND", "GND", "C", 66.929, 66.929, 39.37, 39.37, 90],
		[41, "U1_15", -250, 244.09, "T", "DIP", "$1N13", "", "C", 66.929, 66.929, 39.37, 39.37, 90],
		[42, "U1_15", -250, 244.09, "B", "DIP", "$1N13", "", "C", 66.929, 66.929, 39.37, 39.37, 90],
		[43, "U1_16", -350, 244.09, "T", "DIP", "$1N13", "", "C", 66.929, 66.929, 39.37, 39.37, 90],
		[44, "U1_16", -350, 244.09, "B", "DIP", "$1N13", "", "C", 66.929, 66.929, 39.37, 39.37, 90],
		[45, "U2_1", 669.29, 107.48, "T", "DIP", "$1N13", "", "R", 35.4331, 78.7402, 31.4961, 31.4961, 90],
		[46, "U2_1", 669.29, 107.48, "B", "DIP", "$1N13", "", "R", 35.4331, 78.7402, 31.4961, 31.4961, 90],
		[47, "U2_2", 669.29, 157.48, "T", "DIP", "GND", "GND", "O", 35.4331, 78.7402, 31.4961, 31.4961, 90],
		[48, "U2_2", 669.29, 157.48, "B", "DIP", "GND", "GND", "O", 35.4331, 78.7402, 31.4961, 31.4961, 90],
		[49, "U2_3", 669.29, 207.48, "T", "DIP", "$1N746", "", "O", 35.4331, 78.7402, 31.4961, 31.4961, 90],
		[50, "U2_3", 669.29, 207.48, "B", "DIP", "$1N746", "", "O", 35.4331, 78.7402, 31.4961, 31.4961, 90],
		[51, "U3_1", 669.29, -207.48, "T", "DIP", "$1N13", "", "R", 35.4331, 78.7402, 31.4961, 31.4961, 90],
		[52, "U3_1", 669.29, -207.48, "B", "DIP", "$1N13", "", "R", 35.4331, 78.7402, 31.4961, 31.4961, 90],
		[53, "U3_2", 669.29, -157.48, "T", "DIP", "GND", "GND", "O", 35.4331, 78.7402, 31.4961, 31.4961, 90],
		[54, "U3_2", 669.29, -157.48, "B", "DIP", "GND", "GND", "O", 35.4331, 78.7402, 31.4961, 31.4961, 90],
		[55, "U3_3", 669.29, -107.48, "T", "DIP", "$1N6", "", "O", 35.4331, 78.7402, 31.4961, 31.4961, 90],
		[56, "U3_3", 669.29, -107.48, "B", "DIP", "$1N6", "", "O", 35.4331, 78.7402, 31.4961, 31.4961, 90],
		[57, "U4_1", 107.48, -669.29, "T", "DIP", "$1N13", "", "R", 35.4331, 78.7402, 31.4961, 31.4961, 0],
		[58, "U4_1", 107.48, -669.29, "B", "DIP", "$1N13", "", "R", 35.4331, 78.7402, 31.4961, 31.4961, 0],
		[59, "U4_2", 157.48, -669.29, "T", "DIP", "GND", "GND", "O", 35.4331, 78.7402, 31.4961, 31.4961, 0],
		[60, "U4_2", 157.48, -669.29, "B", "DIP", "GND", "GND", "O", 35.4331, 78.7402, 31.4961, 31.4961, 0],
		[61, "U4_3", 207.48, -669.29, "T", "DIP", "$1N7", "", "O", 35.4331, 78.7402, 31.4961, 31.4961, 0],
		[62, "U4_3", 207.48, -669.29, "B", "DIP", "$1N7", "", "O", 35.4331, 78.7402, 31.4961, 31.4961, 0],
		[63, "U5_1", -207.48, -669.29, "T", "DIP", "$1N13", "", "R", 35.4331, 78.7402, 31.4961, 31.4961, 0],
		[64, "U5_1", -207.48, -669.29, "B", "DIP", "$1N13", "", "R", 35.4331, 78.7402, 31.4961, 31.4961, 0],
		[65, "U5_2", -157.48, -669.29, "T", "DIP", "GND", "GND", "O", 35.4331, 78.7402, 31.4961, 31.4961, 0],
		[66, "U5_2", -157.48, -669.29, "B", "DIP", "GND", "GND", "O", 35.4331, 78.7402, 31.4961, 31.4961, 0],
		[67, "U5_3", -107.48, -669.29, "T", "DIP", "$1N3", "", "O", 35.4331, 78.7402, 31.4961, 31.4961, 0],
		[68, "U5_3", -107.48, -669.29, "B", "DIP", "$1N3", "", "O", 35.4331, 78.7402, 31.4961, 31.4961, 0],
		[69, "U6_1", -669.29, -107.48, "T", "DIP", "$1N13", "", "R", 35.4331, 78.7402, 31.4961, 31.4961, 270],
		[70, "U6_1", -669.29, -107.48, "B", "DIP", "$1N13", "", "R", 35.4331, 78.7402, 31.4961, 31.4961, 270],
		[71, "U6_2", -669.29, -157.48, "T", "DIP", "GND", "GND", "O", 35.4331, 78.7402, 31.4961, 31.4961, 270],
		[72, "U6_2", -669.29, -157.48, "B", "DIP", "GND", "GND", "O", 35.4331, 78.7402, 31.4961, 31.4961, 270],
		[73, "U6_3", -669.29, -207.48, "T", "DIP", "$1N2", "", "O", 35.4331, 78.7402, 31.4961, 31.4961, 270],
		[74, "U6_3", -669.29, -207.48, "B", "DIP", "$1N2", "", "O", 35.4331, 78.7402, 31.4961, 31.4961, 270],
		[75, "U7_1", -669.29, 207.48, "T", "DIP", "$1N13", "", "R", 35.4331, 78.7402, 31.4961, 31.4961, 270],
		[76, "U7_1", -669.29, 207.48, "B", "DIP", "$1N13", "", "R", 35.4331, 78.7402, 31.4961, 31.4961, 270],
		[77, "U7_2", -669.29, 157.48, "T", "DIP", "GND", "GND", "O", 35.4331, 78.7402, 31.4961, 31.4961, 270],
		[78, "U7_2", -669.29, 157.48, "B", "DIP", "GND", "GND", "O", 35.4331, 78.7402, 31.4961, 31.4961, 270],
		[79, "U7_3", -669.29, 107.48, "T", "DIP", "$1N1", "", "O", 35.4331, 78.7402, 31.4961, 31.4961, 270],
		[80, "U7_3", -669.29, 107.48, "B", "DIP", "$1N1", "", "O", 35.4331, 78.7402, 31.4961, 31.4961, 270],
		[81, "U8_1", -107.48, 669.29, "T", "DIP", "$1N13", "", "R", 35.4331, 78.7402, 31.4961, 31.4961, 180],
		[82, "U8_1", -107.48, 669.29, "B", "DIP", "$1N13", "", "R", 35.4331, 78.7402, 31.4961, 31.4961, 180],
		[83, "U8_2", -157.48, 669.29, "T", "DIP", "GND", "GND", "O", 35.4331, 78.7402, 31.4961, 31.4961, 180],
		[84, "U8_2", -157.48, 669.29, "B", "DIP", "GND", "GND", "O", 35.4331, 78.7402, 31.4961, 31.4961, 180],
		[85, "U8_3", -207.48, 669.29, "T", "DIP", "$1N4", "", "O", 35.4331, 78.7402, 31.4961, 31.4961, 180],
		[86, "U8_3", -207.48, 669.29, "B", "DIP", "$1N4", "", "O", 35.4331, 78.7402, 31.4961, 31.4961, 180],
		[87, "U9_1", 207.48, 669.29, "T", "DIP", "$1N13", "", "R", 35.4331, 78.7402, 31.4961, 31.4961, 180],
		[88, "U9_1", 207.48, 669.29, "B", "DIP", "$1N13", "", "R", 35.4331, 78.7402, 31.4961, 31.4961, 180],
		[89, "U9_2", 157.48, 669.29, "T", "DIP", "GND", "GND", "O", 35.4331, 78.7402, 31.4961, 31.4961, 180],
		[90, "U9_2", 157.48, 669.29, "B", "DIP", "GND", "GND", "O", 35.4331, 78.7402, 31.4961, 31.4961, 180],
		[91, "U9_3", 107.48, 669.29, "T", "DIP", "$1N5", "", "O", 35.4331, 78.7402, 31.4961, 31.4961, 180],
		[92, "U9_3", 107.48, 669.29, "B", "DIP", "$1N5", "", "O", 35.4331, 78.7402, 31.4961, 31.4961, 180],
		[93, "PAD1_1", 669.29, 107.48, "T", "DIP", "$1N13", "", "R", 35.4331, 78.7402, 31.4961, 31.4961, 90],
		[94, "PAD1_1", 669.29, 107.48, "B", "DIP", "$1N13", "", "R", 35.4331, 78.7402, 31.4961, 31.4961, 90],
		[95, "PAD2_2", 669.29, 157.48, "T", "DIP", "GND", "GND", "O", 35.4331, 78.7402, 31.4961, 31.4961, 90],
		[96, "PAD2_2", 669.29, 157.48, "B", "DIP", "GND", "GND", "O", 35.4331, 78.7402, 31.4961, 31.4961, 90],
		[97, "PAD3_3", 669.29, 207.48, "T", "DIP", "$1N746", "", "O", 35.4331, 78.7402, 31.4961, 31.4961, 90],
		[98, "PAD3_3", 669.29, 207.48, "B", "DIP", "$1N746", "", "O", 35.4331, 78.7402, 31.4961, 31.4961, 90],
		[99, "PAD4_1", 669.29, -207.48, "T", "DIP", "$1N13", "", "R", 35.4331, 78.7402, 31.4961, 31.4961, 90],
		[100, "PAD4_1", 669.29, -207.48, "B", "DIP", "$1N13", "", "R", 35.4331, 78.7402, 31.4961, 31.4961, 90],
		[101, "PAD5_2", 669.29, -157.48, "T", "DIP", "GND", "GND", "O", 35.4331, 78.7402, 31.4961, 31.4961, 90],
		[102, "PAD5_2", 669.29, -157.48, "B", "DIP", "GND", "GND", "O", 35.4331, 78.7402, 31.4961, 31.4961, 90],
		[103, "PAD6_3", 669.29, -107.48, "T", "DIP", "$1N6", "", "O", 35.4331, 78.7402, 31.4961, 31.4961, 90],
		[104, "PAD6_3", 669.29, -107.48, "B", "DIP", "$1N6", "", "O", 35.4331, 78.7402, 31.4961, 31.4961, 90],
		[105, "PAD7_1", 107.48, -669.29, "T", "DIP", "$1N13", "", "R", 35.4331, 78.7402, 31.4961, 31.4961, 0],
		[106, "PAD7_1", 107.48, -669.29, "B", "DIP", "$1N13", "", "R", 35.4331, 78.7402, 31.4961, 31.4961, 0],
		[107, "PAD8_2", 157.48, -669.29, "T", "DIP", "GND", "GND", "O", 35.4331, 78.7402, 31.4961, 31.4961, 0],
		[108, "PAD8_2", 157.48, -669.29, "B", "DIP", "GND", "GND", "O", 35.4331, 78.7402, 31.4961, 31.4961, 0],
		[109, "PAD9_3", 207.48, -669.29, "T", "DIP", "$1N7", "", "O", 35.4331, 78.7402, 31.4961, 31.4961, 0],
		[110, "PAD9_3", 207.48, -669.29, "B", "DIP", "$1N7", "", "O", 35.4331, 78.7402, 31.4961, 31.4961, 0],
		[111, "PAD10_1", -207.48, -669.29, "T", "DIP", "$1N13", "", "R", 35.4331, 78.7402, 31.4961, 31.4961, 0],
		[112, "PAD10_1", -207.48, -669.29, "B", "DIP", "$1N13", "", "R", 35.4331, 78.7402, 31.4961, 31.4961, 0],
		[113, "PAD11_2", -157.48, -669.29, "T", "DIP", "GND", "GND", "O", 35.4331, 78.7402, 31.4961, 31.4961, 0],
		[114, "PAD11_2", -157.48, -669.29, "B", "DIP", "GND", "GND", "O", 35.4331, 78.7402, 31.4961, 31.4961, 0],
		[115, "PAD12_3", -107.48, -669.29, "T", "DIP", "$1N3", "", "O", 35.4331, 78.7402, 31.4961, 31.4961, 0],
		[116, "PAD12_3", -107.48, -669.29, "B", "DIP", "$1N3", "", "O", 35.4331, 78.7402, 31.4961, 31.4961, 0],
		[117, "PAD13_1", -669.29, -107.48, "T", "DIP", "$1N13", "", "R", 35.4331, 78.7402, 31.4961, 31.4961, 270],
		[118, "PAD13_1", -669.29, -107.48, "B", "DIP", "$1N13", "", "R", 35.4331, 78.7402, 31.4961, 31.4961, 270],
		[119, "PAD14_2", -669.29, -157.48, "T", "DIP", "GND", "GND", "O", 35.4331, 78.7402, 31.4961, 31.4961, 270],
		[120, "PAD14_2", -669.29, -157.48, "B", "DIP", "GND", "GND", "O", 35.4331, 78.7402, 31.4961, 31.4961, 270],
		[121, "PAD15_3", -669.29, -207.48, "T", "DIP", "$1N2", "", "O", 35.4331, 78.7402, 31.4961, 31.4961, 270],
		[122, "PAD15_3", -669.29, -207.48, "B", "DIP", "$1N2", "", "O", 35.4331, 78.7402, 31.4961, 31.4961, 270],
		[123, "PAD16_1", -669.29, 207.48, "T", "DIP", "$1N13", "", "R", 35.4331, 78.7402, 31.4961, 31.4961, 270],
		[124, "PAD16_1", -669.29, 207.48, "B", "DIP", "$1N13", "", "R", 35.4331, 78.7402, 31.4961, 31.4961, 270],
		[125, "PAD17_2", -669.29, 157.48, "T", "DIP", "GND", "GND", "O", 35.4331, 78.7402, 31.4961, 31.4961, 270],
		[126, "PAD17_2", -669.29, 157.48, "B", "DIP", "GND", "GND", "O", 35.4331, 78.7402, 31.4961, 31.4961, 270],
		[127, "PAD18_3", -669.29, 107.48, "T", "DIP", "$1N1", "", "O", 35.4331, 78.7402, 31.4961, 31.4961, 270],
		[128, "PAD18_3", -669.29, 107.48, "B", "DIP", "$1N1", "", "O", 35.4331, 78.7402, 31.4961, 31.4961, 270],
		[129, "PAD19_1", -107.48, 669.29, "T", "DIP", "$1N13", "", "R", 35.4331, 78.7402, 31.4961, 31.4961, 180],
		[130, "PAD19_1", -107.48, 669.29, "B", "DIP", "$1N13", "", "R", 35.4331, 78.7402, 31.4961, 31.4961, 180],
		[131, "PAD20_2", -157.48, 669.29, "T", "DIP", "GND", "GND", "O", 35.4331, 78.7402, 31.4961, 31.4961, 180],
		[132, "PAD20_2", -157.48, 669.29, "B", "DIP", "GND", "GND", "O", 35.4331, 78.7402, 31.4961, 31.4961, 180],
		[133, "PAD21_3", -207.48, 669.29, "T", "DIP", "$1N4", "", "O", 35.4331, 78.7402, 31.4961, 31.4961, 180],
		[134, "PAD21_3", -207.48, 669.29, "B", "DIP", "$1N4", "", "O", 35.4331, 78.7402, 31.4961, 31.4961, 180],
		[135, "PAD22_1", 207.48, 669.29, "T", "DIP", "$1N13", "", "R", 35.4331, 78.7402, 31.4961, 31.4961, 180],
		[136, "PAD22_1", 207.48, 669.29, "B", "DIP", "$1N13", "", "R", 35.4331, 78.7402, 31.4961, 31.4961, 180],
		[137, "PAD23_2", 157.48, 669.29, "T", "DIP", "GND", "GND", "O", 35.4331, 78.7402, 31.4961, 31.4961, 180],
		[138, "PAD23_2", 157.48, 669.29, "B", "DIP", "GND", "GND", "O", 35.4331, 78.7402, 31.4961, 31.4961, 180],
		[139, "PAD24_3", 107.48, 669.29, "T", "DIP", "$1N5", "", "O", 35.4331, 78.7402, 31.4961, 31.4961, 180],
		[140, "PAD24_3", 107.48, 669.29, "B", "DIP", "$1N5", "", "O", 35.4331, 78.7402, 31.4961, 31.4961, 180],
		[141, "PAD25_1", -338.66, -409.37, "T", "DIP", "$1N13", "", "R", 78.74, 78.74, 47.244, 47.244, 315],
		[142, "PAD25_1", -338.66, -409.37, "B", "DIP", "$1N13", "", "R", 78.74, 78.74, 47.244, 47.244, 315],
		[143, "PAD26_2", -409.37, -338.66, "T", "DIP", "GND", "GND", "C", 78.74, 78.74, 47.244, 47.244, 315],
		[144, "PAD26_2", -409.37, -338.66, "B", "DIP", "GND", "GND", "C", 78.74, 78.74, 47.244, 47.244, 315],
		[145, "PAD27_1", 267.949, -480.081, "T", "DIP", "$1N16", "", "R", 66.929, 66.929, 43.308, 43.308, 225],
		[146, "PAD27_1", 267.949, -480.081, "B", "DIP", "$1N16", "", "R", 66.929, 66.929, 43.308, 43.308, 225],
		[147, "PAD28_2", 338.66, -409.37, "T", "DIP", "$1N17", "", "C", 66.929, 66.929, 43.308, 43.308, 225],
		[148, "PAD28_2", 338.66, -409.37, "B", "DIP", "$1N17", "", "C", 66.929, 66.929, 43.308, 43.308, 225],
		[149, "PAD29_3", 409.37, -338.66, "T", "DIP", "$1N18", "", "C", 66.929, 66.929, 43.308, 43.308, 225],
		[150, "PAD29_3", 409.37, -338.66, "B", "DIP", "$1N18", "", "C", 66.929, 66.929, 43.308, 43.308, 225],
		[151, "PAD30_4", 480.081, -267.949, "T", "DIP", "$1N19", "", "C", 66.929, 66.929, 43.308, 43.308, 225],
		[152, "PAD30_4", 480.081, -267.949, "B", "DIP", "$1N19", "", "C", 66.929, 66.929, 43.308, 43.308, 225],
		[153, "PAD31_1", -350, 543.31, "T", "DIP", "$1N1", "", "R", 66.929, 66.929, 39.37, 39.37, 90],
		[154, "PAD31_1", -350, 543.31, "B", "DIP", "$1N1", "", "R", 66.929, 66.929, 39.37, 39.37, 90],
		[155, "PAD32_2", -250, 543.31, "T", "DIP", "$1N2", "", "C", 66.929, 66.929, 39.37, 39.37, 90],
		[156, "PAD32_2", -250, 543.31, "B", "DIP", "$1N2", "", "C", 66.929, 66.929, 39.37, 39.37, 90],
		[157, "PAD33_7", 250, 543.31, "T", "DIP", "$1N6", "", "C", 66.929, 66.929, 39.37, 39.37, 90],
		[158, "PAD33_7", 250, 543.31, "B", "DIP", "$1N6", "", "C", 66.929, 66.929, 39.37, 39.37, 90],
		[159, "PAD34_8", 350, 543.31, "T", "DIP", "$1N746", "", "C", 66.929, 66.929, 39.37, 39.37, 90],
		[160, "PAD34_8", 350, 543.31, "B", "DIP", "$1N746", "", "C", 66.929, 66.929, 39.37, 39.37, 90],
		[161, "PAD35_3", -150, 543.31, "T", "DIP", "$1N3", "", "C", 66.929, 66.929, 39.37, 39.37, 90],
		[162, "PAD35_3", -150, 543.31, "B", "DIP", "$1N3", "", "C", 66.929, 66.929, 39.37, 39.37, 90],
		[163, "PAD36_4", -50, 543.31, "T", "DIP", "$1N4", "", "C", 66.929, 66.929, 39.37, 39.37, 90],
		[164, "PAD36_4", -50, 543.31, "B", "DIP", "$1N4", "", "C", 66.929, 66.929, 39.37, 39.37, 90],
		[165, "PAD37_6", 150, 543.31, "T", "DIP", "$1N7", "", "C", 66.929, 66.929, 39.37, 39.37, 90],
		[166, "PAD37_6", 150, 543.31, "B", "DIP", "$1N7", "", "C", 66.929, 66.929, 39.37, 39.37, 90],
		[167, "PAD38_5", 50, 543.31, "T", "DIP", "$1N5", "", "C", 66.929, 66.929, 39.37, 39.37, 90],
		[168, "PAD38_5", 50, 543.31, "B", "DIP", "$1N5", "", "C", 66.929, 66.929, 39.37, 39.37, 90],
		[169, "PAD39_9", 350, 244.09, "T", "DIP", "GND", "GND", "C", 66.929, 66.929, 39.37, 39.37, 90],
		[170, "PAD39_9", 350, 244.09, "B", "DIP", "GND", "GND", "C", 66.929, 66.929, 39.37, 39.37, 90],
		[171, "PAD40_10", 250, 244.09, "T", "DIP", "$1N19", "", "C", 66.929, 66.929, 39.37, 39.37, 90],
		[172, "PAD40_10", 250, 244.09, "B", "DIP", "$1N19", "", "C", 66.929, 66.929, 39.37, 39.37, 90],
		[173, "PAD41_11", 150, 244.09, "T", "DIP", "$1N18", "", "C", 66.929, 66.929, 39.37, 39.37, 90],
		[174, "PAD41_11", 150, 244.09, "B", "DIP", "$1N18", "", "C", 66.929, 66.929, 39.37, 39.37, 90],
		[175, "PAD42_12", 50, 244.09, "T", "DIP", "$1N17", "", "C", 66.929, 66.929, 39.37, 39.37, 90],
		[176, "PAD42_12", 50, 244.09, "B", "DIP", "$1N17", "", "C", 66.929, 66.929, 39.37, 39.37, 90],
		[177, "PAD43_13", -50, 244.09, "T", "DIP", "$1N16", "", "C", 66.929, 66.929, 39.37, 39.37, 90],
		[178, "PAD43_13", -50, 244.09, "B", "DIP", "$1N16", "", "C", 66.929, 66.929, 39.37, 39.37, 90],
		[179, "PAD44_14", -150, 244.09, "T", "DIP", "GND", "GND", "C", 66.929, 66.929, 39.37, 39.37, 90],
		[180, "PAD44_14", -150, 244.09, "B", "DIP", "GND", "GND", "C", 66.929, 66.929, 39.37, 39.37, 90],
		[181, "PAD45_15", -250, 244.09, "T", "DIP", "$1N13", "", "C", 66.929, 66.929, 39.37, 39.37, 90],
		[182, "PAD45_15", -250, 244.09, "B", "DIP", "$1N13", "", "C", 66.929, 66.929, 39.37, 39.37, 90],
		[183, "PAD46_16", -350, 244.09, "T", "DIP", "$1N13", "", "C", 66.929, 66.929, 39.37, 39.37, 90],
		[184, "PAD46_16", -350, 244.09, "B", "DIP", "$1N13", "", "C", 66.929, 66.929, 39.37, 39.37, 90]
	]
}
}